12.65929564,0
12.65929664,0
12.65929764,0
12.65929864,0
12.65929964,0
12.65930064,0
12.65930164,0
12.65930264,0
12.65930364,0
12.65930464,0
12.65930564,0.00941191
12.65930664,0
12.65930764,0
12.65930864,0.00941191
12.65930964,0
12.65931064,-0.03764764
12.65931164,-0.1130044
12.65931264,-0.1883612
12.65931364,-0.2260396
12.65931464,-0.2166277
12.65931564,-0.1600947
12.65931664,-0.09418061
12.65931764,-0.07532603
12.65931864,-0.09418061
12.65931964,-0.1506828
12.65932064,-0.207185
12.65932164,-0.2166277
12.65932264,-0.1789493
12.65932364,-0.1130044
12.65932464,-0.03764764
12.65932564,0
12.65932664,0.02823573
12.65932764,0.02823573
12.65932864,0.03764764
12.65932964,0.0470903
12.65933064,0.06591412
12.65933164,0.08473794
12.65933264,0.1035925
12.65933364,0.1130044
12.65933464,0.131859
12.65933564,0.1506828
12.65933664,0.1695066
12.65933764,0.1695066
12.65933864,0.1506828
12.65933964,0.1224163
12.65934064,0.1035925
12.65934164,0.09418061
12.65934264,0.09418061
12.65934364,0.09418061
12.65934464,0.09418061
12.65934564,0.09418061
12.65934664,0.08473794
12.65934764,0.08473794
12.65934864,0.09418061
12.65934964,0.09418061
12.65935064,0.08473794
12.65935164,0.06591412
12.65935264,0.03764764
12.65935364,0.02823573
12.65935464,0.01882382
12.65935564,0.02823573
12.65935664,0.03764764
12.65935764,0.0470903
12.65935864,0.05650222
12.65935964,0.03764764
12.65936064,0.01882382
12.65936164,0
12.65936264,-0.01882382
12.65936364,-0.00941191
12.65936464,0.00941191
12.65936564,0.03764764
12.65936664,0.03764764
12.65936764,0.01882382
12.65936864,0
12.65936964,-0.01882382
12.65937064,-0.03764764
12.65937164,-0.0470903
12.65937264,-0.06591412
12.65937364,-0.08473794
12.65937464,-0.1130044
12.65937564,-0.1506828
12.65937664,-0.1695066
12.65937764,-0.1695066
12.65937864,-0.1600947
12.65937964,-0.1600947
12.65938064,-0.1600947
12.65938164,-0.1789493
12.65938264,-0.1977731
12.65938364,-0.207185
12.65938464,-0.1977731
12.65938564,-0.1695066
12.65938664,-0.1412709
12.65938764,-0.1224163
12.65938864,-0.1035925
12.65938964,-0.09418061
12.65939064,-0.07532603
12.65939164,-0.05650222
12.65939264,-0.02823573
12.65939364,0
12.65939464,0.01882382
12.65939564,0.03764764
12.65939664,0.05650222
12.65939764,0.07532603
12.65939864,0.1035925
12.65939964,0.1224163
12.65940064,0.1224163
12.65940164,0.131859
12.65940264,0.131859
12.65940364,0.1412709
12.65940464,0.1506828
12.65940564,0.1600947
12.65940664,0.1600947
12.65940764,0.1600947
12.65940864,0.1600947
12.65940964,0.1506828
12.65941064,0.1506828
12.65941164,0.1506828
12.65941264,0.1506828
12.65941364,0.1506828
12.65941464,0.131859
12.65941564,0.1130044
12.65941664,0.1035925
12.65941764,0.08473794
12.65941864,0.07532603
12.65941964,0.07532603
12.65942064,0.06591412
12.65942164,0.06591412
12.65942264,0.05650222
12.65942364,0.05650222
12.65942464,0.0470903
12.65942564,0.0470903
12.65942664,0.0470903
12.65942764,0.0470903
12.65942864,0.0470903
12.65942964,0.03764764
12.65943064,0.02823573
12.65943164,0.01882382
12.65943264,0.00941191
12.65943364,0
12.65943464,-0.01882382
12.65943564,-0.02823573
12.65943664,-0.03764764
12.65943764,-0.05650222
12.65943864,-0.07532603
12.65943964,-0.09418061
12.65944064,-0.1035925
12.65944164,-0.1130044
12.65944264,-0.1224163
12.65944364,-0.131859
12.65944464,-0.131859
12.65944564,-0.1412709
12.65944664,-0.1506828
12.65944764,-0.1506828
12.65944864,-0.1506828
12.65944964,-0.1506828
12.65945064,-0.1506828
12.65945164,-0.1412709
12.65945264,-0.131859
12.65945364,-0.1130044
12.65945464,-0.09418061
12.65945564,-0.08473794
12.65945664,-0.06591412
12.65945764,-0.0470903
12.65945864,-0.02823573
12.65945964,-0.01882382
12.65946064,0.00941191
12.65946164,0.02823573
12.65946264,0.05650222
12.65946364,0.07532603
12.65946464,0.09418061
12.65946564,0.1130044
12.65946664,0.1224163
12.65946764,0.1412709
12.65946864,0.1600947
12.65946964,0.1695066
12.65947064,0.1789493
12.65947164,0.1883612
12.65947264,0.1883612
12.65947364,0.1883612
12.65947464,0.1883612
12.65947564,0.1883612
12.65947664,0.1883612
12.65947764,0.1695066
12.65947864,0.1600947
12.65947964,0.1412709
12.65948064,0.131859
12.65948164,0.1130044
12.65948264,0.1035925
12.65948364,0.09418061
12.65948464,0.08473794
12.65948564,0.06591412
12.65948664,0.05650222
12.65948764,0.05650222
12.65948864,0.03764764
12.65948964,0.02823573
12.65949064,0.01882382
12.65949164,0.00941191
12.65949264,0
12.65949364,-0.00941191
12.65949464,-0.01882382
12.65949564,-0.02823573
12.65949664,-0.03764764
12.65949764,-0.0470903
12.65949864,-0.05650222
12.65949964,-0.06591412
12.65950064,-0.07532603
12.65950164,-0.08473794
12.65950264,-0.09418061
12.65950364,-0.09418061
12.65950464,-0.1035925
12.65950564,-0.1035925
12.65950664,-0.1130044
12.65950764,-0.1130044
12.65950864,-0.1224163
12.65950964,-0.1224163
12.65951064,-0.1224163
12.65951164,-0.1224163
12.65951264,-0.1224163
12.65951364,-0.1224163
12.65951464,-0.1224163
12.65951564,-0.1130044
12.65951664,-0.1035925
12.65951764,-0.1035925
12.65951864,-0.09418061
12.65951964,-0.08473794
12.65952064,-0.07532603
12.65952164,-0.05650222
12.65952264,-0.0470903
12.65952364,-0.02823573
12.65952464,-0.00941191
12.65952564,0.00941191
12.65952664,0.01882382
12.65952764,0.03764764
12.65952864,0.05650222
12.65952964,0.07532603
12.65953064,0.08473794
12.65953164,0.1035925
12.65953264,0.1224163
12.65953364,0.131859
12.65953464,0.1412709
12.65953564,0.1412709
12.65953664,0.1506828
12.65953764,0.1506828
12.65953864,0.1412709
12.65953964,0.1412709
12.65954064,0.1412709
12.65954164,0.131859
12.65954264,0.1224163
12.65954364,0.1130044
12.65954464,0.1035925
12.65954564,0.09418061
12.65954664,0.07532603
12.65954764,0.07532603
12.65954864,0.06591412
12.65954964,0.0470903
12.65955064,0.03764764
12.65955164,0.03764764
12.65955264,0.02823573
12.65955364,0.01882382
12.65955464,0.00941191
12.65955564,0
12.65955664,-0.00941191
12.65955764,-0.01882382
12.65955864,-0.03764764
12.65955964,-0.0470903
12.65956064,-0.0470903
12.65956164,-0.05650222
12.65956264,-0.06591412
12.65956364,-0.07532603
12.65956464,-0.08473794
12.65956564,-0.09418061
12.65956664,-0.1035925
12.65956764,-0.1035925
12.65956864,-0.1035925
12.65956964,-0.1130044
12.65957064,-0.1224163
12.65957164,-0.131859
12.65957264,-0.131859
12.65957364,-0.131859
12.65957464,-0.1412709
12.65957564,-0.131859
12.65957664,-0.1224163
12.65957764,-0.131859
12.65957864,-0.131859
12.65957964,-0.1224163
12.65958064,-0.1130044
12.65958164,-0.1035925
12.65958264,-0.09418061
12.65958364,-0.08473794
12.65958464,-0.07532603
12.65958564,-0.05650222
12.65958664,-0.0470903
12.65958764,-0.02823573
12.65958864,-0.01882382
12.65958964,-0.00941191
12.65959064,0
12.65959164,0.01882382
12.65959264,0.01882382
12.65959364,0.03764764
12.65959464,0.0470903
12.65959564,0.05650222
12.65959664,0.06591412
12.65959764,0.06591412
12.65959864,0.06591412
12.65959964,0.06591412
12.65960064,0.06591412
12.65960164,0.07532603
12.65960264,0.07532603
12.65960364,0.07532603
12.65960464,0.07532603
12.65960564,0.07532603
12.65960664,0.06591412
12.65960764,0.06591412
12.65960864,0.05650222
12.65960964,0.05650222
12.65961064,0.0470903
12.65961164,0.0470903
12.65961264,0.0470903
12.65961364,0.03764764
12.65961464,0.02823573
12.65961564,0.02823573
12.65961664,0.02823573
12.65961764,0.01882382
12.65961864,0
12.65961964,0
12.65962064,-0.00941191
12.65962164,-0.00941191
12.65962264,-0.01882382
12.65962364,-0.02823573
12.65962464,-0.03764764
12.65962564,-0.0470903
12.65962664,-0.05650222
12.65962764,-0.05650222
12.65962864,-0.06591412
12.65962964,-0.07532603
12.65963064,-0.08473794
12.65963164,-0.08473794
12.65963264,-0.09418061
12.65963364,-0.1035925
12.65963464,-0.1035925
12.65963564,-0.1130044
12.65963664,-0.1130044
12.65963764,-0.1224163
12.65963864,-0.1224163
12.65963964,-0.1224163
12.65964064,-0.1224163
12.65964164,-0.1224163
12.65964264,-0.1130044
12.65964364,-0.1035925
12.65964464,-0.1035925
12.65964564,-0.1035925
12.65964664,-0.09418061
12.65964764,-0.08473794
12.65964864,-0.07532603
12.65964964,-0.07532603
12.65965064,-0.06591412
12.65965164,-0.0470903
12.65965264,-0.03764764
12.65965364,-0.01882382
12.65965464,-0.00941191
12.65965564,0
12.65965664,0
12.65965764,0.00941191
12.65965864,0.01882382
12.65965964,0.02823573
12.65966064,0.0470903
12.65966164,0.0470903
12.65966264,0.05650222
12.65966364,0.05650222
12.65966464,0.06591412
12.65966564,0.06591412
12.65966664,0.06591412
12.65966764,0.06591412
12.65966864,0.06591412
12.65966964,0.06591412
12.65967064,0.06591412
12.65967164,0.06591412
12.65967264,0.05650222
12.65967364,0.05650222
12.65967464,0.0470903
12.65967564,0.0470903
12.65967664,0.0470903
12.65967764,0.03764764
12.65967864,0.03764764
12.65967964,0.02823573
12.65968064,0.01882382
12.65968164,0.00941191
12.65968264,0.00941191
12.65968364,0
12.65968464,0
12.65968564,-0.00941191
12.65968664,-0.00941191
12.65968764,-0.01882382
12.65968864,-0.01882382
12.65968964,-0.02823573
12.65969064,-0.03764764
12.65969164,-0.03764764
12.65969264,-0.03764764
12.65969364,-0.0470903
12.65969464,-0.05650222
12.65969564,-0.05650222
12.65969664,-0.06591412
12.65969764,-0.06591412
12.65969864,-0.07532603
12.65969964,-0.07532603
12.65970064,-0.07532603
12.65970164,-0.07532603
12.65970264,-0.07532603
12.65970364,-0.08473794
12.65970464,-0.08473794
12.65970564,-0.08473794
12.65970664,-0.08473794
12.65970764,-0.07532603
12.65970864,-0.07532603
12.65970964,-0.07532603
12.65971064,-0.07532603
12.65971164,-0.06591412
12.65971264,-0.05650222
12.65971364,-0.0470903
12.65971464,-0.0470903
12.65971564,-0.03764764
12.65971664,-0.01882382
12.65971764,-0.01882382
12.65971864,-0.00941191
12.65971964,0
12.65972064,0.01882382
12.65972164,0.02823573
12.65972264,0.02823573
12.65972364,0.02823573
12.65972464,0.03764764
12.65972564,0.0470903
12.65972664,0.05650222
12.65972764,0.05650222
12.65972864,0.05650222
12.65972964,0.05650222
12.65973064,0.05650222
12.65973164,0.06591412
12.65973264,0.06591412
12.65973364,0.06591412
12.65973464,0.05650222
12.65973564,0.06591412
12.65973664,0.05650222
12.65973764,0.06591412
12.65973864,0.05650222
12.65973964,0.0470903
12.65974064,0.0470903
12.65974164,0.0470903
12.65974264,0.0470903
12.65974364,0.0470903
12.65974464,0.03764764
12.65974564,0.02823573
12.65974664,0.02823573
12.65974764,0.02823573
12.65974864,0.01882382
12.65974964,0.01882382
12.65975064,0.01882382
12.65975164,0.01882382
12.65975264,0.00941191
12.65975364,0.00941191
12.65975464,0
12.65975564,0
12.65975664,0
12.65975764,-0.00941191
12.65975864,-0.00941191
12.65975964,-0.01882382
12.65976064,-0.01882382
12.65976164,-0.02823573
12.65976264,-0.03764764
12.65976364,-0.03764764
12.65976464,-0.02823573
12.65976564,-0.03764764
12.65976664,-0.03764764
12.65976764,-0.0470903
12.65976864,-0.0470903
12.65976964,-0.0470903
12.65977064,-0.0470903
12.65977164,-0.03764764
12.65977264,-0.03764764
12.65977364,-0.03764764
12.65977464,-0.03764764
12.65977564,-0.02823573
12.65977664,-0.02823573
12.65977764,-0.01882382
12.65977864,-0.01882382
12.65977964,-0.00941191
12.65978064,0
12.65978164,0
12.65978264,0.00941191
12.65978364,0.01882382
12.65978464,0.02823573
12.65978564,0.02823573
12.65978664,0.02823573
12.65978764,0.03764764
12.65978864,0.0470903
12.65978964,0.0470903
12.65979064,0.05650222
12.65979164,0.05650222
12.65979264,0.05650222
12.65979364,0.05650222
12.65979464,0.06591412
12.65979564,0.06591412
12.65979664,0.07532603
12.65979764,0.07532603
12.65979864,0.06591412
12.65979964,0.06591412
12.65980064,0.06591412
12.65980164,0.05650222
12.65980264,0.05650222
12.65980364,0.06591412
12.65980464,0.06591412
12.65980564,0.05650222
12.65980664,0.06591412
12.65980764,0.06591412
12.65980864,0.05650222
12.65980964,0.05650222
12.65981064,0.0470903
12.65981164,0.0470903
12.65981264,0.0470903
12.65981364,0.03764764
12.65981464,0.03764764
12.65981564,0.03764764
12.65981664,0.03764764
12.65981764,0.03764764
12.65981864,0.02823573
12.65981964,0.02823573
12.65982064,0.01882382
12.65982164,0.00941191
12.65982264,0
12.65982364,0
12.65982464,-0.00941191
12.65982564,-0.00941191
12.65982664,-0.01882382
12.65982764,-0.01882382
12.65982864,-0.01882382
12.65982964,-0.01882382
12.65983064,-0.01882382
12.65983164,-0.01882382
12.65983264,-0.01882382
12.65983364,-0.02823573
12.65983464,-0.03764764
12.65983564,-0.03764764
12.65983664,-0.03764764
12.65983764,-0.02823573
12.65983864,-0.02823573
12.65983964,-0.01882382
12.65984064,-0.00941191
12.65984164,-0.00941191
12.65984264,-0.00941191
12.65984364,0
12.65984464,0
12.65984564,0.00941191
12.65984664,0.00941191
12.65984764,0.01882382
12.65984864,0.01882382
12.65984964,0.02823573
12.65985064,0.02823573
12.65985164,0.03764764
12.65985264,0.0470903
12.65985364,0.0470903
12.65985464,0.0470903
12.65985564,0.05650222
12.65985664,0.05650222
12.65985764,0.05650222
12.65985864,0.05650222
12.65985964,0.05650222
12.65986064,0.06591412
12.65986164,0.06591412
12.65986264,0.07532603
12.65986364,0.06591412
12.65986464,0.06591412
12.65986564,0.06591412
12.65986664,0.06591412
12.65986764,0.06591412
12.65986864,0.06591412
12.65986964,0.05650222
12.65987064,0.05650222
12.65987164,0.05650222
12.65987264,0.05650222
12.65987364,0.05650222
12.65987464,0.0470903
12.65987564,0.0470903
12.65987664,0.0470903
12.65987764,0.03764764
12.65987864,0.03764764
12.65987964,0.03764764
12.65988064,0.03764764
12.65988164,0.02823573
12.65988264,0.01882382
12.65988364,0.01882382
12.65988464,0.01882382
12.65988564,0.00941191
12.65988664,0.00941191
12.65988764,0
12.65988864,0
12.65988964,0
12.65989064,-0.00941191
12.65989164,-0.00941191
12.65989264,-0.00941191
12.65989364,-0.01882382
12.65989464,-0.02823573
12.65989564,-0.02823573
12.65989664,-0.02823573
12.65989764,-0.02823573
12.65989864,-0.03764764
12.65989964,-0.03764764
12.65990064,-0.03764764
12.65990164,-0.02823573
12.65990264,-0.02823573
12.65990364,-0.02823573
12.65990464,-0.02823573
12.65990564,-0.02823573
12.65990664,-0.02823573
12.65990764,-0.01882382
12.65990864,-0.00941191
12.65990964,-0.00941191
12.65991064,0
12.65991164,0
12.65991264,0
12.65991364,0
12.65991464,0.00941191
12.65991564,0.01882382
12.65991664,0.02823573
12.65991764,0.02823573
12.65991864,0.02823573
12.65991964,0.02823573
12.65992064,0.03764764
12.65992164,0.03764764
12.65992264,0.0470903
12.65992364,0.0470903
12.65992464,0.0470903
12.65992564,0.03764764
12.65992664,0.0470903
12.65992764,0.0470903
12.65992864,0.0470903
12.65992964,0.0470903
12.65993064,0.0470903
12.65993164,0.0470903
12.65993264,0.0470903
12.65993364,0.03764764
12.65993464,0.03764764
12.65993564,0.03764764
12.65993664,0.03764764
12.65993764,0.03764764
12.65993864,0.02823573
12.65993964,0.02823573
12.65994064,0.03764764
12.65994164,0.02823573
12.65994264,0.02823573
12.65994364,0.02823573
12.65994464,0.01882382
12.65994564,0.01882382
12.65994664,0.00941191
12.65994764,0
12.65994864,0
12.65994964,0
12.65995064,-0.00941191
12.65995164,-0.00941191
12.65995264,-0.00941191
12.65995364,-0.01882382
12.65995464,-0.02823573
12.65995564,-0.02823573
12.65995664,-0.02823573
12.65995764,-0.03764764
12.65995864,-0.03764764
12.65995964,-0.0470903
12.65996064,-0.0470903
12.65996164,-0.05650222
12.65996264,-0.05650222
12.65996364,-0.05650222
12.65996464,-0.05650222
12.65996564,-0.05650222
12.65996664,-0.05650222
12.65996764,-0.05650222
12.65996864,-0.0470903
12.65996964,-0.0470903
12.65997064,-0.0470903
12.65997164,-0.0470903
12.65997264,-0.03764764
12.65997364,-0.03764764
12.65997464,-0.02823573
12.65997564,-0.02823573
12.65997664,-0.02823573
12.65997764,-0.01882382
12.65997864,-0.01882382
12.65997964,-0.00941191
12.65998064,-0.00941191
12.65998164,0
12.65998264,0
12.65998364,0.00941191
12.65998464,0.00941191
12.65998564,0.00941191
12.65998664,0.00941191
12.65998764,0.01882382
12.65998864,0.01882382
12.65998964,0.01882382
12.65999064,0.01882382
12.65999164,0.01882382
12.65999264,0.01882382
12.65999364,0.01882382
12.65999464,0.01882382
12.65999564,0.01882382
12.65999664,0.01882382
12.65999764,0.01882382
12.65999864,0.01882382
12.65999964,0.01882382
12.66000064,0.01882382
12.66000164,0.01882382
12.66000264,0.00941191
12.66000364,0.00941191
12.66000464,0.00941191
12.66000564,0.00941191
12.66000664,0.00941191
12.66000764,0
12.66000864,0
12.66000964,-0.00941191
12.66001064,-0.01882382
12.66001164,-0.01882382
12.66001264,-0.00941191
12.66001364,-0.01882382
12.66001464,-0.02823573
12.66001564,-0.02823573
12.66001664,-0.02823573
12.66001764,-0.03764764
12.66001864,-0.03764764
12.66001964,-0.03764764
12.66002064,-0.0470903
12.66002164,-0.0470903
12.66002264,-0.0470903
12.66002364,-0.05650222
12.66002464,-0.05650222
12.66002564,-0.05650222
12.66002664,-0.05650222
12.66002764,-0.05650222
12.66002864,-0.05650222
12.66002964,-0.05650222
12.66003064,-0.06591412
12.66003164,-0.06591412
12.66003264,-0.05650222
12.66003364,-0.05650222
12.66003464,-0.05650222
12.66003564,-0.0470903
12.66003664,-0.0470903
12.66003764,-0.0470903
12.66003864,-0.0470903
12.66003964,-0.0470903
12.66004064,-0.03764764
12.66004164,-0.03764764
12.66004264,-0.02823573
12.66004364,-0.01882382
12.66004464,-0.01882382
12.66004564,-0.01882382
12.66004664,-0.01882382
12.66004764,-0.00941191
12.66004864,-0.00941191
12.66004964,0
12.66005064,0
12.66005164,0
12.66005264,0
12.66005364,0
12.66005464,0.00941191
12.66005564,0.00941191
12.66005664,0.00941191
12.66005764,0.00941191
12.66005864,0
12.66005964,0.00941191
12.66006064,0.00941191
12.66006164,0.00941191
12.66006264,0.00941191
12.66006364,0.00941191
12.66006464,0.00941191
12.66006564,0.00941191
12.66006664,0.00941191
12.66006764,0.00941191
12.66006864,0.00941191
12.66006964,0
12.66007064,0
12.66007164,0
12.66007264,0
12.66007364,0
12.66007464,-0.00941191
12.66007564,-0.00941191
12.66007664,-0.00941191
12.66007764,-0.01882382
12.66007864,-0.01882382
12.66007964,-0.02823573
12.66008064,-0.02823573
12.66008164,-0.03764764
12.66008264,-0.03764764
12.66008364,-0.03764764
12.66008464,-0.03764764
12.66008564,-0.0470903
12.66008664,-0.0470903
12.66008764,-0.0470903
12.66008864,-0.0470903
12.66008964,-0.0470903
12.66009064,-0.05650222
12.66009164,-0.0470903
12.66009264,-0.05650222
12.66009364,-0.05650222
12.66009464,-0.05650222
12.66009564,-0.0470903
12.66009664,-0.0470903
12.66009764,-0.0470903
12.66009864,-0.0470903
12.66009964,-0.0470903
12.66010064,-0.03764764
12.66010164,-0.03764764
12.66010264,-0.03764764
12.66010364,-0.03764764
12.66010464,-0.03764764
12.66010564,-0.02823573
12.66010664,-0.01882382
12.66010764,-0.01882382
12.66010864,-0.00941191
12.66010964,-0.00941191
12.66011064,-0.00941191
12.66011164,0
12.66011264,0
12.66011364,0
12.66011464,0
12.66011564,0.00941191
12.66011664,0.01882382
12.66011764,0.00941191
12.66011864,0.01882382
12.66011964,0.01882382
12.66012064,0.00941191
12.66012164,0.01882382
12.66012264,0.01882382
12.66012364,0.01882382
12.66012464,0.01882382
12.66012564,0.01882382
12.66012664,0.01882382
12.66012764,0.01882382
12.66012864,0.01882382
12.66012964,0.01882382
12.66013064,0.01882382
12.66013164,0.01882382
12.66013264,0.01882382
12.66013364,0.00941191
12.66013464,0.00941191
12.66013564,0.00941191
12.66013664,0.00941191
12.66013764,0.00941191
12.66013864,0
12.66013964,0
12.66014064,0
12.66014164,-0.00941191
12.66014264,-0.00941191
12.66014364,-0.00941191
12.66014464,-0.00941191
12.66014564,-0.01882382
12.66014664,-0.01882382
12.66014764,-0.01882382
12.66014864,-0.01882382
12.66014964,-0.01882382
12.66015064,-0.02823573
12.66015164,-0.02823573
12.66015264,-0.02823573
12.66015364,-0.02823573
12.66015464,-0.02823573
12.66015564,-0.02823573
12.66015664,-0.02823573
12.66015764,-0.02823573
12.66015864,-0.03764764
12.66015964,-0.02823573
12.66016064,-0.02823573
12.66016164,-0.02823573
12.66016264,-0.02823573
12.66016364,-0.02823573
12.66016464,-0.01882382
12.66016564,-0.01882382
12.66016664,-0.01882382
12.66016764,-0.00941191
12.66016864,-0.00941191
12.66016964,-0.00941191
12.66017064,-0.00941191
12.66017164,0
12.66017264,0
12.66017364,0
12.66017464,0.00941191
12.66017564,0.00941191
12.66017664,0.00941191
12.66017764,0.01882382
12.66017864,0.01882382
12.66017964,0.01882382
12.66018064,0.01882382
12.66018164,0.02823573
12.66018264,0.02823573
12.66018364,0.02823573
12.66018464,0.02823573
12.66018564,0.02823573
12.66018664,0.02823573
12.66018764,0.02823573
12.66018864,0.03764764
12.66018964,0.03764764
12.66019064,0.02823573
12.66019164,0.02823573
12.66019264,0.02823573
12.66019364,0.03764764
12.66019464,0.02823573
12.66019564,0.02823573
12.66019664,0.02823573
12.66019764,0.02823573
12.66019864,0.03764764
12.66019964,0.02823573
12.66020064,0.02823573
12.66020164,0.01882382
12.66020264,0.01882382
12.66020364,0.01882382
12.66020464,0.02823573
12.66020564,0.01882382
12.66020664,0.01882382
12.66020764,0.01882382
12.66020864,0.00941191
12.66020964,0
12.66021064,0
12.66021164,0
12.66021264,0.00941191
12.66021364,0
12.66021464,0
12.66021564,0
12.66021664,-0.00941191
12.66021764,-0.00941191
12.66021864,-0.00941191
12.66021964,-0.00941191
12.66022064,-0.00941191
12.66022164,-0.00941191
12.66022264,-0.00941191
12.66022364,-0.00941191
12.66022464,-0.00941191
12.66022564,-0.00941191
12.66022664,-0.00941191
12.66022764,0
12.66022864,0
12.66022964,0
12.66023064,0
12.66023164,0
12.66023264,0
12.66023364,0
12.66023464,0
12.66023564,0.00941191
12.66023664,0.00941191
12.66023764,0.00941191
12.66023864,0.00941191
12.66023964,0.01882382
12.66024064,0.01882382
12.66024164,0.02823573
12.66024264,0.02823573
12.66024364,0.02823573
12.66024464,0.02823573
12.66024564,0.03764764
12.66024664,0.03764764
12.66024764,0.0470903
12.66024864,0.03764764
12.66024964,0.03764764
12.66025064,0.02823573
12.66025164,0.03764764
12.66025264,0.03764764
12.66025364,0.03764764
12.66025464,0.03764764
12.66025564,0.03764764
12.66025664,0.03764764
12.66025764,0.03764764
12.66025864,0.03764764
12.66025964,0.03764764
12.66026064,0.03764764
12.66026164,0.02823573
12.66026264,0.02823573
12.66026364,0.02823573
12.66026464,0.02823573
12.66026564,0.02823573
12.66026664,0.02823573
12.66026764,0.02823573
12.66026864,0.02823573
12.66026964,0.02823573
12.66027064,0.02823573
12.66027164,0.02823573
12.66027264,0.01882382
12.66027364,0.01882382
12.66027464,0.00941191
12.66027564,0.00941191
12.66027664,0.00941191
12.66027764,0.00941191
12.66027864,0.00941191
12.66027964,0.00941191
12.66028064,0.00941191
12.66028164,0.00941191
12.66028264,0
12.66028364,0
12.66028464,0
12.66028564,0
12.66028664,0
12.66028764,0
12.66028864,0
12.66028964,0
12.66029064,0
12.66029164,0
12.66029264,0
12.66029364,0
12.66029464,0
12.66029564,0
12.66029664,0
12.66029764,0
12.66029864,0
12.66029964,0
12.66030064,0
12.66030164,0.00941191
12.66030264,0.00941191
12.66030364,0.00941191
12.66030464,0.00941191
12.66030564,0.00941191
12.66030664,0.00941191
12.66030764,0.01882382
12.66030864,0.01882382
12.66030964,0.01882382
12.66031064,0.02823573
12.66031164,0.02823573
12.66031264,0.02823573
12.66031364,0.02823573
12.66031464,0.02823573
12.66031564,0.02823573
12.66031664,0.02823573
12.66031764,0.02823573
12.66031864,0.02823573
12.66031964,0.02823573
12.66032064,0.02823573
12.66032164,0.02823573
12.66032264,0.02823573
12.66032364,0.02823573
12.66032464,0.02823573
12.66032564,0.02823573
12.66032664,0.02823573
12.66032764,0.01882382
12.66032864,0.01882382
12.66032964,0.01882382
12.66033064,0.01882382
12.66033164,0.01882382
12.66033264,0.01882382
12.66033364,0.01882382
12.66033464,0.01882382
12.66033564,0.01882382
12.66033664,0.00941191
12.66033764,0.00941191
12.66033864,0.00941191
12.66033964,0
12.66034064,0.00941191
12.66034164,0.00941191
12.66034264,0.00941191
12.66034364,0.00941191
12.66034464,0
12.66034564,0
12.66034664,-0.00941191
12.66034764,0
12.66034864,0
12.66034964,0
12.66035064,-0.00941191
12.66035164,-0.00941191
12.66035264,-0.00941191
12.66035364,-0.00941191
12.66035464,-0.00941191
12.66035564,-0.00941191
12.66035664,-0.00941191
12.66035764,-0.00941191
12.66035864,-0.00941191
12.66035964,-0.00941191
12.66036064,-0.00941191
12.66036164,-0.00941191
12.66036264,-0.01882382
12.66036364,-0.00941191
12.66036464,0
12.66036564,0
12.66036664,0
12.66036764,0
12.66036864,0
12.66036964,0
12.66037064,0
12.66037164,0
12.66037264,0.00941191
12.66037364,0.00941191
12.66037464,0.00941191
12.66037564,0.00941191
12.66037664,0.00941191
12.66037764,0.00941191
12.66037864,0.00941191
12.66037964,0.01882382
12.66038064,0.01882382
12.66038164,0.01882382
12.66038264,0.01882382
12.66038364,0.01882382
12.66038464,0.01882382
12.66038564,0.00941191
12.66038664,0.00941191
12.66038764,0.00941191
12.66038864,0.00941191
12.66038964,0.00941191
12.66039064,0.00941191
12.66039164,0.00941191
12.66039264,0.00941191
12.66039364,0.00941191
12.66039464,0
12.66039564,0
12.66039664,0.00941191
12.66039764,0.00941191
12.66039864,0.00941191
12.66039964,0
12.66040064,0
12.66040164,0
12.66040264,0
12.66040364,0
12.66040464,0
12.66040564,0
12.66040664,0
12.66040764,0
12.66040864,-0.00941191
12.66040964,-0.01882382
12.66041064,-0.01882382
12.66041164,-0.01882382
12.66041264,-0.00941191
12.66041364,-0.00941191
12.66041464,-0.00941191
12.66041564,-0.01882382
12.66041664,-0.01882382
12.66041764,-0.01882382
12.66041864,-0.01882382
12.66041964,-0.01882382
12.66042064,-0.01882382
12.66042164,-0.01882382
12.66042264,-0.01882382
12.66042364,-0.01882382
12.66042464,-0.01882382
12.66042564,-0.01882382
12.66042664,-0.01882382
12.66042764,-0.00941191
12.66042864,-0.01882382
12.66042964,-0.01882382
12.66043064,-0.01882382
12.66043164,-0.00941191
12.66043264,-0.00941191
12.66043364,-0.00941191
12.66043464,-0.00941191
12.66043564,-0.00941191
12.66043664,-0.00941191
12.66043764,-0.00941191
12.66043864,0
12.66043964,0
12.66044064,0
12.66044164,0
12.66044264,0
12.66044364,0
12.66044464,0.00941191
12.66044564,0.00941191
12.66044664,0.00941191
12.66044764,0.00941191
12.66044864,0.00941191
12.66044964,0.00941191
12.66045064,0
12.66045164,0.00941191
12.66045264,0.00941191
12.66045364,0.00941191
12.66045464,0.00941191
12.66045564,0
12.66045664,0
12.66045764,0
12.66045864,0
12.66045964,0
12.66046064,0
12.66046164,0
12.66046264,0
12.66046364,0
12.66046464,-0.00941191
12.66046564,-0.00941191
12.66046664,-0.00941191
12.66046764,-0.00941191
12.66046864,-0.00941191
12.66046964,-0.00941191
12.66047064,-0.00941191
12.66047164,-0.00941191
12.66047264,-0.01882382
12.66047364,-0.01882382
12.66047464,-0.01882382
12.66047564,-0.01882382
12.66047664,-0.01882382
12.66047764,-0.01882382
12.66047864,-0.01882382
12.66047964,-0.01882382
12.66048064,-0.01882382
12.66048164,-0.01882382
12.66048264,-0.02823573
12.66048364,-0.02823573
12.66048464,-0.01882382
12.66048564,-0.01882382
12.66048664,-0.01882382
12.66048764,-0.02823573
12.66048864,-0.01882382
12.66048964,-0.01882382
12.66049064,-0.01882382
12.66049164,-0.01882382
12.66049264,-0.01882382
12.66049364,-0.01882382
12.66049464,-0.01882382
12.66049564,-0.01882382
12.66049664,-0.00941191
12.66049764,-0.00941191
12.66049864,-0.00941191
12.66049964,-0.00941191
12.66050064,-0.00941191
12.66050164,-0.00941191
12.66050264,-0.00941191
12.66050364,0
12.66050464,0
12.66050564,0
12.66050664,0
12.66050764,0
12.66050864,0
12.66050964,0
12.66051064,0
12.66051164,0
12.66051264,0
12.66051364,0.00941191
12.66051464,0
12.66051564,0.00941191
12.66051664,0.00941191
12.66051764,0
12.66051864,0
12.66051964,0
12.66052064,0
12.66052164,0.00941191
12.66052264,0
12.66052364,0.00941191
12.66052464,0.00941191
12.66052564,0
12.66052664,0
12.66052764,0
12.66052864,0
12.66052964,0
12.66053064,0
12.66053164,-0.00941191
12.66053264,0
12.66053364,0
12.66053464,0
12.66053564,-0.00941191
12.66053664,-0.00941191
12.66053764,-0.00941191
12.66053864,-0.00941191
12.66053964,-0.00941191
12.66054064,-0.01882382
12.66054164,-0.01882382
12.66054264,-0.01882382
12.66054364,-0.01882382
12.66054464,-0.00941191
12.66054564,-0.00941191
12.66054664,-0.01882382
12.66054764,-0.01882382
12.66054864,-0.00941191
12.66054964,-0.01882382
12.66055064,-0.01882382
12.66055164,-0.01882382
12.66055264,-0.01882382
12.66055364,-0.01882382
12.66055464,-0.01882382
12.66055564,-0.00941191
12.66055664,-0.00941191
12.66055764,-0.01882382
12.66055864,-0.01882382
12.66055964,-0.00941191
12.66056064,-0.00941191
12.66056164,-0.00941191
12.66056264,-0.00941191
12.66056364,-0.00941191
12.66056464,0
12.66056564,0
12.66056664,0
12.66056764,0
12.66056864,0
12.66056964,0.00941191
12.66057064,0
12.66057164,0
12.66057264,0
12.66057364,0
12.66057464,0
12.66057564,0.00941191
12.66057664,0
12.66057764,0.00941191
12.66057864,0
12.66057964,0.00941191
12.66058064,0.00941191
12.66058164,0
12.66058264,0
12.66058364,0.00941191
12.66058464,0.00941191
12.66058564,0.00941191
12.66058664,0.00941191
12.66058764,0.00941191
12.66058864,0.00941191
12.66058964,0
12.66059064,0.00941191
12.66059164,0.00941191
12.66059264,0
12.66059364,0
12.66059464,0
12.66059564,0
12.66059664,0.00941191
12.66059764,0
12.66059864,0
12.66059964,0
12.66060064,0
12.66060164,0
12.66060264,-0.00941191
12.66060364,-0.00941191
12.66060464,0
12.66060564,0
12.66060664,0
12.66060764,-0.00941191
12.66060864,-0.00941191
12.66060964,-0.00941191
12.66061064,-0.00941191
12.66061164,-0.00941191
12.66061264,-0.00941191
12.66061364,-0.00941191
12.66061464,-0.00941191
12.66061564,-0.01882382
12.66061664,-0.00941191
12.66061764,-0.00941191
12.66061864,-0.00941191
12.66061964,-0.00941191
12.66062064,-0.00941191
12.66062164,-0.00941191
12.66062264,-0.00941191
12.66062364,-0.00941191
12.66062464,0
12.66062564,0
12.66062664,0
12.66062764,0
12.66062864,0
12.66062964,0
12.66063064,0
12.66063164,0
12.66063264,0
12.66063364,0.00941191
12.66063464,0
12.66063564,0
12.66063664,0
12.66063764,0.00941191
12.66063864,0.00941191
12.66063964,0.00941191
12.66064064,0
12.66064164,0
12.66064264,0.00941191
12.66064364,0.00941191
12.66064464,0.00941191
12.66064564,0.00941191
12.66064664,0.00941191
12.66064764,0.00941191
12.66064864,0.00941191
12.66064964,0.00941191
12.66065064,0.00941191
12.66065164,0.00941191
12.66065264,0.00941191
12.66065364,0.00941191
12.66065464,0.00941191
12.66065564,0.00941191
12.66065664,0.00941191
12.66065764,0.00941191
12.66065864,0
12.66065964,0
12.66066064,0.00941191
12.66066164,0
12.66066264,0
12.66066364,0
12.66066464,0
12.66066564,0
12.66066664,0
12.66066764,0
12.66066864,0
12.66066964,0
12.66067064,0
12.66067164,0
12.66067264,0
12.66067364,0
12.66067464,-0.00941191
12.66067564,-0.00941191
12.66067664,0
12.66067764,-0.00941191
12.66067864,-0.00941191
12.66067964,0
12.66068064,0
12.66068164,0
12.66068264,-0.00941191
12.66068364,-0.00941191
12.66068464,0
12.66068564,0
12.66068664,0
12.66068764,-0.00941191
12.66068864,0
12.66068964,0
12.66069064,0
12.66069164,0
12.66069264,0
12.66069364,0
12.66069464,0
12.66069564,0
12.66069664,0
12.66069764,0.00941191
12.66069864,0
12.66069964,0
12.66070064,0.00941191
12.66070164,0.00941191
12.66070264,0.00941191
12.66070364,0.00941191
12.66070464,0.00941191
12.66070564,0.00941191
12.66070664,0
12.66070764,0.00941191
12.66070864,0.00941191
12.66070964,0.00941191
12.66071064,0.00941191
12.66071164,0.00941191
12.66071264,0.01882382
12.66071364,0.00941191
12.66071464,0
12.66071564,0.00941191
12.66071664,0.00941191
12.66071764,0.00941191
12.66071864,0.00941191
12.66071964,0.00941191
12.66072064,0.00941191
12.66072164,0.00941191
